User_id,Name
101,Alice
102,Bob
103,Charlie
104,Diana
105,Eve
106,Frank
107,Gina
108,Henry
109,Ivy
110,Jack
111,Kate
112,Luke
113,Mia
114,Noah
115,Olivia
116,Peter
117,Quinn
118,Rachel
119,Simon
120,Tina
121,Abigail
122,Andrew
123,Bella
124,Brandon
125,Caroline
126,David
127,Emma
128,Ethan
129,Fiona
130,Gabriel
131,Hannah
132,Ian
133,Julia
134,Kyle
135,Lily
136,Mason
137,Natalie
138,Oliver
139,Pamela
140,Quentin
141,Rebecca
142,Samuel
143,Sophia
144,Thomas
145,Una
146,Victor
147,Willow
148,Xavier
149,Yvonne
150,Zachary
151,Ava
152,Aiden
153,Brooklyn
154,Blake
155,Chloe
156,Christian
157,Daisy
158,Daniel
159,Eliza
160,Eric
161,Faith
162,Gavin
163,Hazel
164,Isaac
165,Jasmine
166,Kevin
167,Leah
168,Miles
169,Nora
170,Oscar
171,Phoebe
172,Quincy
173,Riley
174,Samantha
175,Tyler
176,Uma
177,Victor
178,Wendy
179,Xander
180,Yvette
181,Zara
182,Aiden
183,Addison
184,Benjamin
185,Brianna
186,Christopher
187,Charlotte
188,David
189,Danielle
190,Elijah
User_id,Name
201,Isabella
202,James
203,Lillian
204,Liam
205,Madison
206,Michael
207,Natalie
208,Noah
209,Olivia
210,Owen
211,Penelope
212,Robert
213,Samantha
214,Sebastian
215,Sophia
216,Thomas
217,Victoria
218,William
219,Abigail
220,Alexander
221,Ava
222,Benjamin
223,Charlotte
224,Christopher
225,Elizabeth
226,Ethan
227,Emily
228,Grace
229,Henry
230,Hannah
231,Jack
232,Hailey
233,Jacob
234,Katherine
235,Jackson
236,Kylie
237,Lucas
238,Lillian
239,Mason
240,Mia
241,Matthew
242,Natalie
243,Nathan
244,Olivia
245,Nicholas
246,Sophia
247,Oscar
248,Scarlett
249,Quentin
250,Zoe
251,Adam
252,Adeline
253,Aiden
254,Alexa
255,Amelia
256,Andrew
257,Anna
258,Anthony
259,Aria
260,Arthur
261,Audrey
262,Austin
263,Autumn
264,Avery
265,Bailey
266,Blake
267,Brooklyn
268,Caleb
269,Camila
270,Caroline
271,Carter
272,Chloe
273,Colton
274,Daniel
275,David
276,Dylan
277,Ella
278,Elliot
279,Ellie
280,Elliot
281,Ethan
282,Eva
283,Evelyn
284,Everett
285,Harper
286,Hayden
287,Hudson
288,Isaac
289,Isabelle
290,Isaiah
291,Jacob
292,Jackson
293,Jasmine
294,Jacob
295,James
296,Jaxon
297,Joseph
298,Julia
299,Julian
300,Kayla
